id,edad,sexo,imc,tension_sistolica,tension_diastolica,glucemia,colesterol,fumador,actividad_fisica,horas_sueno,riesgo,dias_internacion
1,24,F,22.3,91,79,89,163,0,1,6.1,1,1
2,73,M,26.5,103,79,84,177,0,1,5.0,0,1
3,65,F,27.8,127,77,110,232,0,0,5.7,1,2
4,49,F,20.9,135,64,113,174,0,0,7.0,0,3
5,49,F,29.6,119,58,92,188,0,1,6.0,0,1
6,79,M,27.2,99,80,106,195,0,0,7.5,1,2
7,24,M,16.0,108,75,75,120,0,1,4.8,1,3
8,68,F,16.7,124,68,87,154,0,1,4.4,1,4
9,32,M,25.4,143,75,122,209,0,0,8.6,0,3
10,24,M,24.1,91,75,101,120,0,1,8.1,0,1
11,55,M,25.6,116,57,62,169,0,1,5.7,0,1
12,88,M,27.0,157,75,105,198,1,0,7.0,0,3
13,70,M,27.7,133,85,120,254,0,1,8.2,0,2
14,72,M,31.4,136,85,100,231,0,0,7.5,1,2
15,69,M,21.0,128,69,105,177,0,0,7.2,0,2
16,74,M,20.9,133,83,74,235,0,1,8.3,0,2
17,54,M,20.7,132,89,60,163,0,0,6.1,1,2
18,27,F,26.8,101,82,99,210,0,1,7.0,0,2
19,78,M,33.1,142,81,75,172,0,0,7.0,1,3
20,50,F,23.8,101,73,87,220,0,0,6.7,0,0
21,54,F,16.0,126,72,102,168,0,0,6.5,0,2
22,44,F,17.3,120,82,60,146,0,1,7.1,0,1
23,31,M,21.3,105,77,64,168,0,1,7.0,0,1
24,84,F,24.2,132,89,74,213,0,1,5.7,0,1
25,74,F,24.7,120,83,92,186,0,1,8.0,0,2
26,64,F,26.6,110,88,89,214,0,1,5.8,0,1
27,46,F,24.3,114,78,117,168,0,1,6.7,0,1
28,77,F,32.1,114,90,122,229,0,0,6.6,1,2
29,57,F,22.8,127,88,99,203,0,1,7.4,0,1
30,49,M,21.7,104,70,91,182,1,1,4.5,1,3
31,50,F,28.4,130,60,106,180,1,1,8.1,1,3
32,34,M,17.8,98,91,66,177,1,0,6.2,0,1
33,24,F,27.2,103,77,112,195,0,0,8.5,1,2
34,57,F,26.7,114,62,76,256,0,1,6.4,0,2
35,81,M,26.2,149,76,110,234,0,0,6.9,1,1
36,22,F,33.1,115,82,128,214,0,0,9.3,1,3
37,79,M,23.8,127,80,95,294,0,1,6.7,0,4
38,77,F,37.1,136,77,110,232,0,0,8.5,1,2
39,37,M,24.5,90,90,100,196,0,0,7.0,0,1
40,63,F,20.0,124,69,60,210,0,0,7.5,0,2
41,29,M,25.7,141,67,100,149,0,0,7.1,1,4
42,72,F,21.3,130,83,85,182,0,1,8.0,0,2
43,68,F,22.8,127,85,89,180,0,1,6.2,1,1
44,43,F,27.8,125,82,111,208,1,1,5.8,0,2
45,22,F,27.9,123,83,97,173,0,1,6.2,1,4
46,87,F,24.0,105,86,71,210,0,1,7.1,0,2
47,50,F,30.9,96,83,100,229,0,0,6.7,0,0
48,82,M,32.7,134,80,107,240,0,1,7.9,0,2
49,66,F,33.7,116,81,109,202,0,0,8.6,0,1
50,74,M,29.4,147,83,103,186,0,0,5.8,1,4
51,72,F,33.5,123,83,126,244,0,1,6.1,1,2
52,32,M,16.1,90,83,60,192,0,1,5.3,0,1
53,44,F,24.2,100,83,95,137,0,0,9.4,0,1
54,51,F,21.7,90,79,111,176,1,1,7.4,1,2
55,53,M,26.7,118,70,65,197,0,0,7.6,0,3
56,21,F,22.3,107,74,92,194,0,0,5.4,0,2
57,57,F,25.4,117,79,83,220,0,0,7.0,1,2
58,29,F,34.8,128,77,102,199,0,0,7.6,1,2
59,71,F,25.8,144,103,78,218,0,0,6.7,1,1
60,67,F,28.6,124,75,96,204,0,0,8.3,1,1
61,84,F,25.9,102,87,128,187,1,0,9.8,1,3
62,71,M,27.0,136,92,74,194,0,0,5.9,0,2
63,44,M,25.9,126,78,74,187,0,1,5.8,0,1
64,87,M,29.4,137,107,77,211,0,1,5.9,0,3
65,47,F,31.7,133,74,135,139,1,1,8.9,1,2
66,41,M,34.0,101,80,99,183,1,0,8.3,1,2
67,83,F,28.5,160,75,99,211,1,1,6.8,1,2
68,44,F,28.8,104,74,92,182,0,1,7.0,0,2
69,23,M,19.4,121,76,67,161,0,0,6.0,0,3
70,51,F,25.6,97,87,90,205,0,0,8.1,1,1
71,75,F,31.5,116,85,148,177,1,0,6.5,1,2
72,31,M,29.8,135,88,126,136,0,0,6.7,1,4
73,51,M,27.1,117,77,81,181,0,0,7.7,0,0
74,27,M,29.7,124,71,113,206,0,0,6.8,1,3
75,67,M,29.0,129,108,85,253,0,0,6.7,0,2
76,52,M,32.1,119,82,73,222,0,1,7.0,1,2
77,41,F,27.2,136,69,115,143,0,0,8.0,1,3
78,34,M,23.7,111,69,112,172,0,0,9.0,0,3
79,58,M,27.9,98,70,117,204,1,1,7.7,1,4
80,66,F,16.0,114,90,71,191,0,0,8.0,0,1
81,85,F,29.0,140,80,97,227,1,0,6.8,1,2
82,49,F,16.0,125,79,92,150,0,0,6.2,1,2
83,29,F,16.8,91,74,87,170,1,0,7.8,1,3
84,77,M,29.1,119,89,93,220,0,0,7.2,1,1
85,63,M,28.8,116,71,70,225,1,0,5.3,1,2
86,68,F,20.7,121,70,89,169,0,0,6.6,0,2
87,25,F,21.7,92,76,108,162,0,1,6.9,1,2
88,40,F,32.6,108,83,84,120,0,1,6.4,0,2
89,73,M,24.3,118,85,104,181,0,0,8.8,1,4
90,77,F,38.0,140,74,120,202,0,0,7.6,0,2
91,49,F,26.0,131,85,108,159,0,0,8.6,0,1
92,75,M,28.8,127,74,115,211,1,1,7.3,1,3
93,78,F,34.9,124,77,97,213,0,1,7.1,0,2
94,45,F,26.5,120,68,67,120,0,0,5.9,0,3
95,82,M,21.9,120,96,79,208,0,0,7.0,0,2
96,38,M,25.1,100,83,110,155,1,0,7.0,1,2
97,35,F,25.4,102,82,84,196,1,1,5.4,1,1
98,67,M,19.7,117,93,72,152,0,1,6.4,0,0
99,63,M,25.1,108,108,61,196,1,0,6.6,0,0
100,28,M,21.6,115,58,120,165,0,1,7.5,0,2
101,77,M,31.4,140,75,119,219,1,0,7.6,1,1
102,32,F,25.6,91,69,108,184,1,1,6.3,0,2
103,75,F,25.3,129,73,111,194,0,1,7.6,1,3
104,18,M,24.5,106,62,103,126,0,0,6.8,1,2
105,75,F,27.9,134,79,94,160,0,0,3.6,1,2
106,74,F,29.8,128,69,98,189,0,1,6.4,1,3
107,74,M,21.7,108,85,80,197,1,0,8.3,1,2
108,65,F,21.2,108,81,135,174,0,1,5.0,0,1
109,51,M,31.6,121,83,114,216,0,0,7.1,1,3
110,68,F,24.5,141,86,84,189,1,1,8.9,0,2
111,37,F,18.5,90,82,91,146,0,0,6.1,0,1
112,74,F,28.9,133,78,82,197,0,0,7.0,0,2
113,58,M,28.6,139,100,126,204,0,0,5.4,1,3
114,51,F,18.4,118,80,71,191,0,0,9.0,0,2
115,54,M,27.3,129,60,106,250,0,0,6.9,1,2
116,58,M,29.9,113,69,120,179,0,1,7.1,1,4
117,20,M,27.0,108,56,103,174,0,0,8.6,1,2
118,28,F,28.5,90,75,101,195,0,0,7.8,0,3
119,35,M,18.5,90,75,83,173,0,0,5.9,0,1
120,26,F,26.9,125,70,95,164,0,0,6.2,0,2
121,49,F,24.5,106,98,82,141,0,1,7.6,0,2
122,66,M,24.1,119,86,84,180,0,1,6.3,0,2
123,65,M,30.8,106,88,129,171,0,0,4.5,0,1
124,51,M,33.4,101,69,105,148,1,1,6.9,1,3
125,79,F,35.8,128,72,97,192,0,1,5.2,1,4
126,58,F,32.8,113,80,97,171,0,1,8.9,0,1
127,23,M,24.6,116,76,113,192,1,0,7.2,1,2
128,73,F,28.5,134,63,111,222,0,0,5.9,0,1
129,59,M,30.1,128,78,112,172,0,0,6.2,1,2
130,63,F,27.0,128,80,92,190,0,1,4.7,0,3
131,58,F,26.9,145,77,107,139,0,1,5.7,1,2
132,57,F,30.3,108,71,90,184,0,0,8.2,1,2
133,24,F,24.9,110,69,89,188,1,0,9.7,1,4
134,58,F,22.6,139,77,107,215,1,1,7.9,1,3
135,75,M,24.7,146,83,109,180,0,1,6.9,1,4
136,39,M,28.8,96,82,82,219,0,0,6.5,1,2
137,61,M,26.3,119,90,80,150,0,1,5.9,1,2
138,20,F,26.8,129,71,98,139,0,0,9.5,1,2
139,43,F,29.1,125,72,131,212,0,0,6.8,1,3
140,49,F,24.1,122,82,60,237,0,0,9.5,0,0
141,88,F,30.9,130,90,108,230,1,1,8.7,1,3
142,33,M,27.4,109,71,72,182,0,1,4.9,1,3
143,37,F,19.4,119,84,73,120,0,0,6.2,0,1
144,47,M,33.1,115,87,100,136,0,0,6.2,1,2
145,89,M,24.7,133,97,85,212,0,0,6.9,0,1
146,79,F,18.6,131,100,74,185,1,0,6.9,0,2
147,20,F,19.9,100,65,85,134,0,0,10.6,0,0
148,34,F,20.4,122,76,76,177,0,0,5.7,0,2
149,77,M,27.1,170,82,70,208,1,0,7.3,1,4
150,22,F,23.8,90,73,106,202,1,0,7.7,1,3
151,79,M,25.2,135,76,107,208,0,0,7.0,0,0
152,38,F,28.7,105,61,115,224,0,1,7.1,0,1
153,84,F,28.7,140,84,72,211,1,0,5.7,1,3
154,39,M,27.3,117,69,102,183,1,1,7.1,1,2
155,49,M,28.0,130,79,110,224,0,1,7.6,0,0
156,65,M,29.5,142,72,82,172,1,1,7.4,1,3
157,27,F,16.0,115,64,79,251,0,0,7.7,1,2
158,58,M,24.4,139,82,90,203,0,0,8.7,0,3
159,54,F,16.0,90,80,112,191,1,1,8.1,1,2
160,74,F,26.9,151,87,131,219,0,0,7.1,1,4
161,89,F,27.1,139,106,67,267,0,0,5.6,1,1
162,65,M,31.7,140,83,149,228,1,0,6.3,1,2
163,47,F,31.8,102,82,88,147,1,0,6.7,1,3
164,47,M,26.9,107,67,114,232,1,0,7.3,1,3
165,48,F,23.4,121,65,108,176,0,1,6.4,0,1
166,76,F,29.2,129,98,82,210,1,0,5.9,1,2
167,41,F,23.1,121,67,99,144,0,0,5.6,1,1
168,30,F,25.4,128,65,92,195,0,1,5.0,0,1
169,42,M,30.7,92,76,112,172,0,0,6.7,0,2
170,19,F,22.3,123,72,93,173,1,1,5.2,0,1
171,25,M,29.3,111,65,122,173,1,0,5.8,1,2
172,24,M,28.6,108,71,101,238,1,0,6.5,1,1
173,73,M,21.9,107,94,85,256,0,1,5.4,0,1
174,70,M,31.5,134,73,123,208,0,0,7.5,1,4
175,68,M,30.0,93,67,112,206,0,0,7.9,1,2
176,51,M,26.5,129,88,109,180,0,1,6.3,1,2
177,69,M,22.8,106,86,78,229,0,1,6.5,1,2
178,29,F,21.1,113,69,68,164,0,1,7.6,0,0
179,82,F,24.3,130,67,82,191,1,0,6.1,1,2
180,54,M,28.8,138,71,88,225,0,0,6.1,1,4
181,85,M,22.3,130,83,103,187,1,1,8.4,1,2
182,28,M,27.5,103,86,115,180,0,0,8.1,1,4
183,53,F,19.9,114,68,82,137,0,0,7.7,0,1
184,68,M,25.5,144,80,120,220,0,1,8.1,0,2
185,53,M,26.6,129,85,121,250,0,0,4.6,0,2
186,50,M,38.2,115,55,119,226,0,0,8.6,1,0
187,29,M,18.5,109,85,68,214,0,0,7.5,0,2
188,45,M,33.2,96,65,135,171,0,0,8.2,0,1
189,35,F,26.3,120,79,94,190,0,1,7.5,0,3
190,39,F,27.7,92,79,100,158,0,1,7.1,1,3
191,67,F,27.1,136,91,91,193,0,0,6.7,1,2
192,63,F,28.6,126,85,83,223,0,0,7.4,0,2
193,61,F,25.6,157,56,68,198,0,0,6.6,0,1
194,44,M,33.1,102,69,118,153,0,0,8.0,0,1
195,87,F,24.8,132,85,79,168,0,0,5.1,1,3
196,24,F,30.9,136,72,158,141,0,1,6.4,1,2
197,42,M,22.5,134,82,70,197,0,0,9.5,0,3
198,26,F,25.0,102,82,71,239,1,0,6.2,1,3
199,42,M,20.4,120,83,95,220,0,1,6.7,0,2
200,87,F,29.4,133,81,128,156,0,0,5.9,1,3
201,44,F,33.0,122,59,107,238,0,1,7.4,0,2
202,83,F,26.6,122,78,106,235,0,0,6.1,1,3
203,53,F,25.1,120,83,60,144,0,0,6.8,0,3
204,68,F,21.0,104,70,75,184,1,1,8.0,0,2
205,50,F,24.9,122,84,74,221,0,0,6.2,0,2
206,37,F,17.6,122,85,60,190,0,0,7.9,0,2
207,73,M,22.1,125,83,91,158,0,0,8.0,1,2
208,87,F,28.2,110,55,60,230,0,1,8.3,1,2
209,36,F,32.2,129,63,81,126,0,1,7.2,1,4
210,74,M,40.8,134,100,109,213,0,0,10.9,1,4
211,36,M,22.6,105,70,75,213,0,1,8.3,1,2
212,69,F,33.7,123,61,115,209,1,1,7.4,1,2
213,74,M,27.9,107,94,104,189,0,0,5.9,1,4
214,50,M,25.2,106,78,110,216,1,0,6.9,1,3
215,71,M,28.8,120,92,113,233,0,0,8.7,1,3
216,37,M,25.9,133,79,115,223,1,0,9.1,1,2
217,23,M,25.7,102,79,95,202,0,0,8.8,0,2
218,24,F,23.2,120,78,96,206,0,0,7.9,0,1
219,50,M,19.0,112,85,93,204,1,0,5.5,1,2
220,82,F,19.2,135,106,87,206,0,0,7.6,1,3
221,27,F,28.6,110,84,92,184,1,1,5.5,1,3
222,50,M,24.6,132,62,87,181,1,0,5.2,1,2
223,68,M,23.6,119,85,76,160,0,1,7.3,1,3
224,32,F,25.5,92,87,102,152,0,1,7.6,1,3
225,69,M,30.5,107,93,101,196,0,1,8.1,1,3
226,40,M,26.6,109,72,84,193,1,1,7.6,0,1
227,76,F,23.5,112,94,79,243,1,1,7.6,1,3
228,59,F,32.4,129,89,83,201,0,0,5.8,0,2
229,57,F,34.1,116,105,126,233,0,1,6.9,0,1
230,30,M,27.9,146,67,99,215,0,0,5.2,0,2
231,51,F,30.9,96,73,87,189,0,1,4.6,1,2
232,79,F,33.1,133,79,121,231,0,0,7.9,1,5
233,19,M,30.7,93,68,92,173,1,0,6.1,1,3
234,72,F,29.7,121,72,76,245,0,0,8.0,1,3
235,53,M,29.1,123,55,118,214,1,1,8.3,1,3
236,69,M,29.2,94,77,90,168,0,0,6.3,1,2
237,65,F,21.0,129,84,80,196,0,0,7.7,0,1
238,49,M,29.5,146,73,101,243,0,0,6.2,0,0
239,40,M,18.9,110,96,104,171,1,0,4.8,1,2
240,63,F,22.4,128,80,90,206,0,1,7.1,0,1
241,28,F,31.9,127,88,83,202,0,1,6.4,0,0
242,60,F,30.5,121,82,112,169,0,0,6.5,1,2
243,24,F,32.7,103,82,97,200,1,0,9.4,1,2
244,64,F,25.1,93,83,127,154,0,0,5.2,1,2
245,63,M,20.6,134,94,86,171,0,0,7.5,0,1
246,24,M,24.0,109,75,60,207,1,1,5.8,1,2
247,72,M,27.2,114,86,103,213,1,1,8.1,1,4
248,47,M,26.3,121,81,130,180,0,0,7.4,1,3
249,74,F,32.4,120,79,134,223,0,1,7.5,1,2
250,20,M,23.3,102,78,124,170,0,0,5.9,1,2
251,30,M,27.2,121,97,79,182,0,1,6.1,1,2
252,53,M,21.1,102,76,104,205,0,0,8.1,1,2
253,31,M,27.7,128,79,85,161,0,1,9.1,0,1
254,41,F,25.7,97,89,99,186,0,0,7.6,1,3
255,65,M,22.7,116,92,67,184,0,1,5.9,1,2
256,28,M,24.2,139,75,80,129,0,0,7.4,1,2
257,66,M,25.6,141,57,82,170,0,0,9.9,1,2
258,25,F,23.9,113,79,108,222,0,0,7.1,0,2
259,30,F,34.3,100,55,123,201,0,0,8.8,1,1
260,60,F,25.8,116,94,100,155,1,0,6.1,1,2
261,75,M,25.5,130,83,70,156,0,1,6.9,1,3
262,30,M,16.0,114,85,73,165,0,1,7.7,0,2
263,39,F,21.2,115,67,74,226,0,0,7.5,1,4
264,84,F,25.7,131,68,110,201,0,1,6.1,0,3
265,89,F,23.7,131,86,113,246,0,1,6.0,0,3
266,59,F,33.2,103,79,126,214,0,0,8.2,1,5
267,50,F,25.2,113,73,80,203,1,0,8.4,1,3
268,42,M,32.2,130,78,60,153,0,0,8.8,1,2
269,62,M,26.7,105,107,64,225,0,0,9.2,0,2
270,60,F,26.5,121,88,121,186,0,1,7.2,0,1
271,39,M,25.2,105,87,87,209,0,1,6.6,0,1
272,19,F,25.1,111,82,80,149,1,1,8.6,1,2
273,28,F,33.9,107,89,137,194,0,0,7.9,1,3
274,87,F,16.0,154,82,102,207,1,1,5.8,1,2
275,48,F,16.0,126,57,79,172,1,1,5.8,0,1
276,52,F,23.3,102,76,85,200,0,0,7.6,1,3
277,51,F,26.1,130,86,93,183,0,1,6.8,0,1
278,74,F,30.2,118,72,106,188,0,0,7.0,1,1
279,22,F,27.5,102,72,126,226,1,0,8.3,1,1
280,23,M,23.3,115,67,98,205,0,0,7.9,0,1
281,37,F,30.7,109,91,116,166,0,0,8.6,1,2
282,53,F,31.2,134,86,124,215,1,1,4.7,1,3
283,66,M,27.4,115,87,76,177,1,0,7.3,1,2
284,53,M,30.9,112,85,116,162,0,0,7.8,1,3
285,49,F,27.3,110,77,92,222,0,0,5.2,1,3
286,85,F,24.2,124,85,60,154,0,0,6.2,1,3
287,29,M,28.9,128,63,61,211,0,0,6.0,0,2
288,59,M,26.8,132,57,78,188,1,0,7.0,0,2
289,57,M,26.2,146,81,105,187,0,1,9.0,0,3
290,52,M,33.4,152,82,109,212,0,0,9.4,1,3
291,76,F,16.0,115,94,82,208,1,1,6.0,1,3
292,37,M,18.5,116,92,118,150,0,0,7.6,1,3
293,86,M,21.1,116,99,64,224,0,1,7.7,0,0
294,41,F,23.9,106,67,91,186,0,1,7.5,0,1
295,57,M,24.9,114,76,99,155,0,0,7.5,0,1
296,55,M,18.6,107,84,70,179,1,0,7.4,1,3
297,79,F,21.9,115,108,89,241,0,1,9.0,0,3
298,49,F,21.7,118,93,60,235,0,0,8.3,0,0
299,38,F,37.9,99,87,139,220,0,1,5.7,0,3
300,19,F,34.1,121,69,96,148,1,0,8.0,1,1
301,44,M,23.8,105,68,128,199,0,0,8.1,1,2
302,77,F,25.0,169,90,93,228,1,0,7.4,1,2
303,18,F,19.3,102,62,103,188,1,1,8.4,1,2
304,82,F,17.4,132,80,80,219,0,0,7.2,0,0
305,57,F,25.6,104,78,94,204,1,1,7.2,0,2
306,28,F,20.4,136,91,75,170,0,1,7.1,0,2
307,39,F,25.2,132,73,96,165,0,0,4.6,0,2
308,57,M,18.2,127,55,88,127,0,0,6.9,1,2
309,40,F,21.9,98,82,74,190,1,0,6.2,0,1
310,25,M,26.0,114,67,93,183,1,0,5.6,1,2
311,65,F,28.3,110,81,88,217,1,1,8.7,0,3
312,66,F,28.6,146,80,141,161,1,0,7.6,1,0
313,26,F,18.7,123,72,82,189,0,0,7.0,1,2
314,38,F,29.9,117,84,129,250,1,1,6.3,0,2
315,35,M,21.5,90,60,84,180,1,1,7.4,1,1
316,65,F,29.6,111,75,105,200,0,0,8.2,0,1
317,70,F,26.5,137,88,72,210,0,1,6.0,0,1
318,70,M,19.7,144,75,77,253,0,0,7.0,0,1
319,85,M,25.5,148,67,98,176,1,1,8.0,1,3
320,73,M,28.5,106,88,128,211,0,0,4.7,0,2
321,41,F,28.8,121,88,103,165,0,0,6.9,1,2
322,25,F,24.5,125,74,118,159,0,0,6.5,0,1
323,62,F,34.0,101,60,119,204,0,1,6.8,1,2
324,83,M,32.0,131,90,134,254,0,1,6.4,0,2
325,88,F,25.9,137,67,94,263,0,0,7.2,0,0
326,34,M,29.3,110,79,143,199,1,1,9.3,1,3
327,35,F,35.2,90,67,101,182,0,1,6.6,0,1
328,20,M,34.9,105,62,95,260,1,0,7.4,1,3
329,28,F,19.2,108,70,62,158,0,1,9.4,1,3
330,57,F,21.6,120,77,130,171,1,0,6.3,0,3
331,57,F,33.6,115,73,122,149,0,1,9.2,0,1
332,44,F,20.5,112,83,80,222,0,0,7.0,0,1
333,40,M,19.1,116,72,106,206,0,0,9.1,1,1
334,77,M,24.4,136,92,105,274,0,0,7.9,1,2
335,51,M,28.1,116,81,134,151,0,0,7.4,1,4
336,76,M,26.3,123,75,68,247,1,1,6.9,1,4
337,87,F,23.9,134,75,87,208,0,0,6.3,0,1
338,40,F,22.3,90,60,81,205,0,0,7.1,1,2
339,32,F,21.9,120,78,60,127,0,0,8.1,0,1
340,86,F,22.7,133,80,109,248,0,1,7.0,0,2
341,63,F,37.8,125,56,109,234,0,1,6.6,0,0
342,38,F,27.1,129,71,110,184,0,0,6.7,0,0
343,62,M,30.8,97,71,145,221,0,0,8.2,0,2
344,55,M,23.7,94,95,85,167,1,0,8.5,1,1
345,83,F,26.1,135,66,88,189,0,1,6.2,1,2
346,36,F,22.0,115,61,91,164,0,1,6.2,0,2
347,89,M,16.0,136,95,97,142,0,1,7.5,0,2
348,85,F,20.2,126,97,75,226,0,1,8.8,0,1
349,31,F,16.4,123,68,68,205,0,0,8.4,0,1
350,29,M,16.0,126,69,98,146,1,1,5.5,0,2
351,56,M,20.2,129,85,93,196,0,0,6.7,0,2
352,21,F,31.8,106,55,67,174,0,0,5.9,1,2
353,39,F,25.4,90,58,72,194,1,0,6.7,1,2
354,49,M,32.4,130,75,132,178,0,0,8.9,0,2
355,87,F,29.2,150,99,107,186,1,1,5.3,1,4
356,89,M,31.1,143,79,89,247,0,0,5.1,1,3
357,28,F,20.8,100,76,84,171,0,1,6.0,0,2
358,82,M,29.6,141,94,101,271,1,1,7.3,0,1
359,24,F,28.9,123,95,113,182,1,1,7.7,0,1
360,71,M,23.7,149,75,67,170,1,1,7.5,1,2
361,78,M,29.6,118,82,86,245,0,0,8.4,1,2
362,82,F,29.8,128,101,106,229,1,0,4.9,1,2
363,34,M,22.8,125,60,88,200,0,0,8.4,0,3
364,82,M,21.3,132,93,98,236,0,0,6.6,1,3
365,26,M,19.4,96,64,62,150,0,1,7.9,0,1
366,55,F,26.6,128,80,102,189,0,0,5.4,1,3
367,51,F,27.7,128,76,117,187,0,0,7.0,1,3
368,40,F,21.7,118,67,97,141,0,0,7.3,0,2
369,19,M,25.2,112,64,96,166,1,0,8.4,1,1
370,73,M,29.5,124,84,99,246,1,1,5.1,0,1
371,42,M,28.9,138,87,85,197,1,0,7.0,0,1
372,65,F,34.2,113,79,107,167,0,1,5.7,0,2
373,47,F,32.3,111,78,128,149,1,1,7.6,1,2
374,44,F,20.8,118,83,85,231,0,1,7.9,0,0
375,81,F,35.3,143,73,94,214,0,0,8.5,1,2
376,24,M,22.6,90,81,81,153,1,1,6.4,1,2
377,71,F,31.9,109,89,108,199,0,0,8.1,1,2
378,71,F,27.0,99,107,90,157,0,0,8.6,0,3
379,45,M,23.8,119,73,100,228,0,1,5.0,0,2
380,36,M,16.5,99,71,89,160,0,1,7.7,0,1
381,18,M,24.2,103,81,108,213,1,0,8.2,0,1
382,85,M,19.3,142,91,110,201,0,1,6.7,1,3
383,86,M,31.9,124,78,122,258,0,0,5.5,1,2
384,35,M,33.1,118,72,90,199,0,1,8.1,0,1
385,20,F,21.1,105,79,71,195,0,1,5.6,0,0
386,26,M,26.8,121,66,95,201,1,0,6.8,1,4
387,22,M,21.5,117,70,80,189,1,1,7.0,1,3
388,77,F,23.7,120,83,71,211,1,1,7.9,0,1
389,82,F,30.8,129,93,95,205,1,1,6.2,1,2
390,29,F,25.2,127,69,85,236,0,1,6.2,0,2
391,71,M,35.3,133,63,98,184,1,1,7.1,1,2
392,30,F,23.0,93,56,84,177,0,0,8.2,1,2
393,44,M,30.8,127,65,124,193,0,1,9.7,0,1
394,61,M,26.8,109,67,100,209,0,0,5.2,1,3
395,69,F,30.5,146,79,147,192,0,1,7.4,1,2
396,80,F,24.7,145,71,96,213,1,0,5.7,1,2
397,21,F,24.9,114,67,88,169,0,0,8.2,1,1
398,32,F,24.9,116,68,93,132,1,1,5.9,0,2
399,38,F,21.5,113,72,92,179,0,0,6.2,0,1
400,40,M,29.0,126,90,108,156,0,0,6.3,0,1
401,89,M,30.4,128,90,139,163,1,1,6.9,1,3
402,73,M,29.7,131,82,86,210,0,0,7.4,0,2
403,41,M,33.4,129,72,122,209,0,0,7.6,1,3
404,87,F,34.4,125,79,112,234,0,0,7.0,1,3
405,53,M,24.2,112,82,64,206,1,0,5.4,1,2
406,54,F,28.0,105,84,112,136,1,0,7.9,0,1
407,49,F,22.9,105,69,113,145,0,0,6.9,0,1
408,28,F,25.5,90,75,79,238,0,0,8.4,1,2
409,85,M,24.1,142,63,92,174,0,0,6.2,0,2
410,19,M,33.2,134,75,75,201,0,0,5.1,1,2
411,30,F,27.2,133,83,74,161,0,1,7.0,0,2
412,34,F,24.4,92,73,111,183,0,1,8.6,1,2
413,38,F,31.6,126,94,96,172,0,0,7.2,1,1
414,27,F,16.0,132,66,60,183,0,0,6.8,0,2
415,19,F,16.0,103,76,83,167,0,1,6.0,0,1
416,66,M,30.5,127,80,93,190,0,1,9.1,0,1
417,87,F,27.4,105,83,89,179,0,0,5.8,1,1
418,26,M,26.5,115,73,109,187,1,0,6.1,1,3
419,39,F,19.0,101,77,63,140,0,0,7.7,1,3
420,54,F,26.0,124,87,79,205,1,1,4.8,0,1
421,84,F,37.0,110,97,115,299,0,1,8.5,0,1
422,67,M,30.6,134,81,120,245,0,1,7.7,0,2
423,73,M,27.5,142,90,120,225,0,0,8.1,1,1
424,59,F,24.1,112,72,80,190,0,0,7.7,0,3
425,48,M,24.0,103,85,109,128,0,0,6.8,0,3
426,32,M,16.0,90,68,65,129,1,0,5.7,1,0
427,80,M,28.2,127,93,131,246,1,0,6.8,1,2
428,75,M,31.0,121,104,83,185,0,1,5.8,1,2
429,19,M,17.2,90,72,105,143,0,0,7.6,0,1
430,69,F,23.3,133,59,79,191,1,1,8.0,1,2
431,24,M,19.4,105,69,121,137,0,0,8.8,1,3
432,71,M,21.8,112,93,99,159,0,0,7.4,0,1
433,77,M,27.1,122,88,78,203,1,1,8.1,0,1
434,27,M,16.0,127,77,70,140,0,1,6.6,0,1
435,49,M,29.0,128,88,114,171,0,0,6.4,0,2
436,26,F,29.0,110,79,119,158,0,1,7.6,1,1
437,58,M,25.0,131,91,92,208,0,0,6.5,1,1
438,84,M,16.0,116,92,80,188,0,0,7.3,0,3
439,23,M,20.2,111,89,99,164,1,0,5.7,0,1
440,46,M,32.0,121,81,107,213,0,0,5.9,1,2
441,88,M,16.0,127,93,60,193,1,1,7.8,0,1
442,39,M,23.9,122,73,77,174,1,0,8.1,1,3
443,27,F,19.4,101,69,89,185,1,1,5.8,0,3
444,53,M,30.1,128,96,123,216,0,1,7.8,0,2
445,54,F,22.7,129,81,119,184,0,0,6.4,0,0
446,65,F,28.5,90,88,113,203,0,0,7.0,1,1
447,40,M,28.5,133,78,104,165,0,0,8.7,0,1
448,86,M,36.3,90,78,125,194,1,1,8.0,1,2
449,55,F,25.1,113,79,82,215,0,1,8.0,0,0
450,38,F,27.5,130,91,95,199,1,1,9.3,1,3
451,87,M,19.7,129,89,70,215,0,0,6.2,1,1
452,84,M,33.0,111,66,84,224,0,0,5.8,1,4
453,53,M,22.3,106,76,95,188,0,0,6.1,0,3
454,19,M,22.3,124,91,92,191,1,0,6.7,1,2
455,60,F,26.2,97,77,108,223,0,1,4.2,0,2
456,57,M,18.4,138,61,93,212,0,0,6.8,0,1
457,28,M,26.5,112,94,100,177,1,0,6.3,1,3
458,63,F,31.2,108,87,113,244,0,0,7.9,1,2
459,78,M,28.3,122,81,98,214,0,0,7.4,1,2
460,25,M,17.3,97,71,89,186,0,1,6.3,0,1
461,70,F,26.0,139,92,82,208,0,0,7.7,0,1
462,28,M,29.1,123,69,107,190,0,1,7.9,1,2
463,71,M,17.2,103,93,93,168,0,1,6.1,0,2
464,48,M,20.6,114,83,74,204,0,1,6.4,0,1
465,18,F,29.4,97,76,101,263,0,1,4.3,0,3
466,87,M,28.5,151,85,88,200,0,1,5.7,0,1
467,29,M,27.4,94,73,88,183,0,1,6.1,1,4
468,60,M,35.6,146,90,90,193,0,0,7.1,1,2
469,31,M,27.8,113,66,121,168,0,0,5.9,1,2
470,85,F,30.3,116,67,121,259,0,1,6.4,0,1
471,71,M,40.2,118,87,127,197,0,0,5.5,1,2
472,75,F,25.7,118,88,130,188,0,0,7.2,1,3
473,49,F,22.0,102,83,85,137,1,1,7.5,0,3
474,51,F,28.2,122,82,153,170,1,0,7.5,1,4
475,63,M,28.6,107,77,95,148,0,0,7.0,0,1
476,74,F,24.1,98,89,97,219,0,1,5.2,0,2
477,78,F,21.7,124,82,81,283,0,0,6.3,0,1
478,19,M,36.6,90,68,119,176,1,1,6.5,1,2
479,65,F,28.1,115,77,113,150,0,0,6.5,1,2
480,25,F,21.6,99,94,86,199,0,1,7.1,0,1
481,38,M,30.2,104,59,134,167,0,1,8.7,0,2
482,77,F,26.3,157,87,100,243,0,0,8.0,0,0
483,36,M,24.3,116,59,97,173,0,0,5.8,0,1
484,75,F,29.6,132,81,84,188,1,0,7.8,1,4
485,51,F,19.6,95,74,92,177,1,0,7.8,1,3
486,34,M,27.3,105,55,95,206,0,0,6.0,1,2
487,42,F,35.3,120,81,99,190,0,1,8.0,0,0
488,56,M,28.5,108,75,85,181,0,0,6.8,0,2
489,73,F,24.8,141,60,141,194,0,1,5.3,0,0
490,61,F,23.8,107,88,87,155,0,0,7.5,1,3
491,85,M,25.0,128,98,67,218,0,1,7.3,0,1
492,80,M,25.6,122,97,82,151,1,0,6.7,1,4
493,72,M,24.8,130,85,92,186,1,0,7.0,1,1
494,61,M,30.9,115,80,113,224,0,1,6.1,0,2
495,38,M,17.0,112,89,91,182,0,0,7.7,0,1
496,47,M,30.2,116,94,114,211,0,1,6.9,1,2
497,26,M,23.4,101,86,79,173,0,0,7.2,0,0
498,44,M,27.7,125,68,104,224,0,0,7.4,1,3
499,84,F,21.4,135,85,72,229,0,0,5.6,0,2
500,48,F,32.6,118,82,94,210,0,1,5.9,0,3
501,26,F,31.5,106,56,87,212,1,0,4.3,0,2
502,64,M,31.2,136,85,82,226,0,0,7.7,1,2
503,87,F,19.5,130,106,104,188,0,0,5.5,1,2
504,80,F,31.0,126,89,115,171,0,0,7.2,1,1
505,37,M,27.6,117,91,115,198,1,0,7.4,1,4
506,50,M,18.0,144,80,83,197,0,1,7.7,1,2
507,56,F,26.1,103,78,109,226,0,0,5.6,1,4
508,35,M,27.4,126,80,65,156,0,1,6.9,1,3
509,37,F,28.4,90,68,114,159,0,0,9.0,0,2
510,35,F,26.4,118,66,99,197,1,0,9.1,1,2
511,89,M,28.6,156,97,110,211,0,0,8.2,0,2
512,71,M,34.0,134,95,115,154,1,0,7.4,0,2
513,78,F,33.0,132,72,88,224,0,0,5.8,1,2
514,76,F,16.0,121,92,60,135,0,0,7.9,0,2
515,87,M,25.5,133,83,81,180,0,0,6.8,0,1
516,25,F,24.4,108,78,103,216,0,1,7.7,0,1
517,81,F,18.2,120,87,95,251,0,0,6.2,0,2
518,22,F,25.6,106,84,70,139,0,0,6.8,1,2
519,52,F,32.3,123,79,87,189,0,0,7.2,1,3
520,60,M,20.9,113,94,74,190,1,0,7.3,0,1
521,43,M,27.5,106,80,91,242,1,1,7.6,1,1
522,28,F,20.8,93,81,62,158,0,0,6.3,0,3
523,31,M,22.1,119,67,63,161,0,1,5.4,1,4
524,77,F,34.2,137,104,93,260,1,0,8.9,1,3
525,40,F,23.0,120,81,92,170,0,0,10.0,0,1
526,40,M,28.0,130,84,77,209,1,1,7.5,1,2
527,84,F,17.7,133,67,80,153,0,0,5.4,0,3
528,28,M,34.7,118,66,128,184,1,1,6.1,1,2
529,83,F,30.0,136,95,78,162,0,0,7.6,1,2
530,84,M,26.1,131,86,91,175,0,1,8.6,1,4
531,61,F,29.2,116,61,119,225,0,0,5.5,0,2
532,29,F,18.3,144,85,75,169,0,0,6.9,0,3
533,29,M,31.3,106,69,93,176,1,1,7.2,1,1
534,38,F,24.0,106,90,113,159,1,0,8.0,1,3
535,59,F,25.2,129,78,88,187,0,0,6.6,0,3
536,29,F,22.9,116,77,110,185,0,1,5.1,0,2
537,50,F,23.1,100,90,98,216,0,1,7.7,0,1
538,26,F,28.8,127,65,93,120,0,1,8.3,1,1
539,56,M,27.5,121,69,106,170,0,1,6.9,0,2
540,19,F,28.3,94,71,104,182,1,1,7.5,0,1
541,69,M,26.5,143,89,114,197,1,1,6.4,1,2
542,21,F,27.7,119,60,88,190,0,1,6.0,0,0
543,32,F,23.4,96,59,92,186,0,0,8.2,0,3
544,30,M,36.5,138,83,111,184,0,0,7.5,1,3
545,77,M,19.0,139,76,96,179,0,1,7.6,1,2
546,21,F,31.4,110,70,85,175,0,1,8.8,0,1
547,48,M,32.8,142,59,124,232,0,0,5.7,1,4
548,60,F,22.0,126,73,97,168,0,0,6.3,1,2
549,55,M,37.3,121,79,89,204,0,0,7.2,0,1
550,67,F,31.5,117,90,126,211,1,0,6.3,1,1
551,75,M,31.6,137,74,144,256,0,1,7.9,1,2
552,46,M,26.0,125,94,113,179,0,0,6.8,1,1
553,77,F,25.7,130,75,120,232,0,1,5.8,0,1
554,40,F,24.7,105,70,94,220,1,1,7.1,1,3
555,88,M,29.1,135,99,70,211,0,1,7.2,1,2
556,54,M,33.1,120,81,73,194,0,0,8.1,0,2
557,70,F,27.5,108,75,102,192,0,1,7.5,0,1
558,81,F,22.4,110,81,79,193,0,1,7.6,0,1
559,75,M,30.9,137,95,86,234,0,1,7.4,0,3
560,79,F,31.5,94,97,103,218,1,0,6.8,1,2
561,56,F,29.5,125,71,112,204,0,0,6.1,1,3
562,21,F,28.9,103,73,73,145,0,1,7.3,0,0
563,53,F,24.7,139,79,85,161,0,0,6.6,1,4
564,31,F,20.8,106,65,114,239,1,0,9.0,1,2
565,82,M,22.6,140,82,70,197,1,1,8.6,0,2
566,35,F,17.4,109,76,97,149,1,1,7.8,0,1
567,34,F,26.7,116,87,87,226,0,0,7.5,0,2
568,35,F,25.1,125,88,103,190,1,0,6.9,1,3
569,64,M,24.2,118,77,112,212,0,0,5.5,0,1
570,59,M,16.0,137,77,92,178,0,1,6.7,1,3
571,86,F,20.8,119,90,103,192,0,1,7.1,0,1
572,47,M,31.5,123,72,83,190,1,0,7.3,1,3
573,38,F,22.3,129,82,109,138,0,0,7.6,0,1
574,21,M,26.9,119,73,81,174,0,0,8.1,0,2
575,18,F,18.1,136,64,87,173,0,0,6.2,1,2
576,44,F,33.0,107,68,111,251,0,1,6.2,1,2
577,84,M,26.3,113,98,104,210,0,0,8.7,1,2
578,55,M,27.6,108,77,104,124,0,0,7.9,1,3
579,82,F,38.6,140,99,100,218,1,0,6.5,1,3
580,25,F,32.8,118,69,82,268,0,0,6.9,1,2
581,24,M,23.7,112,77,107,200,0,1,6.9,0,1
582,78,F,23.9,114,106,95,177,0,1,7.0,1,2
583,25,F,23.6,122,64,112,192,0,1,7.6,0,1
584,21,M,27.7,93,55,97,155,1,0,10.0,1,2
585,47,M,25.4,135,90,69,147,0,1,7.2,0,1
586,84,M,25.0,172,75,111,195,0,0,7.8,1,5
587,67,M,33.8,131,80,101,211,0,1,5.0,1,3
588,25,M,24.7,119,68,99,120,1,1,6.4,1,3
589,78,M,38.3,123,85,103,184,0,0,8.5,1,3
590,78,F,27.3,104,73,127,206,1,1,7.5,1,1
591,75,M,35.7,120,80,95,202,0,0,3.0,1,0
592,82,F,28.7,116,87,93,221,0,1,7.8,0,1
593,35,M,30.4,94,66,104,151,0,0,9.3,1,1
594,88,M,23.5,157,77,71,227,0,0,4.6,0,1
595,41,F,21.5,121,73,94,145,0,0,8.8,1,3
596,75,F,29.0,134,67,129,255,0,0,3.7,1,3
597,59,M,31.2,119,75,95,149,1,0,8.1,1,1
598,74,M,26.9,126,83,104,170,1,0,7.0,1,3
599,63,M,20.0,138,76,60,202,1,1,4.2,0,1
600,64,F,19.6,124,77,84,239,0,0,7.5,0,2
